<?xml version="1.0" encoding="UTF-8" standalone="yes"?>
<addon id="plugin.video.a1" name="A1 Wizard" version="1.0.0" provider-name="amars">
  <requires>
    <import addon="xbmc.python" version="2.1.0"/>
  </requires>
  <extension point="xbmc.python.pluginsource" library="default.py">
        <provides>video executable</provides>
  </extension>
  <extension point="xbmc.addon.metadata">
		<summary lang="en">A1 Wizard</summary>
		<description lang="en">This wizard will install "A1"</description>
		<disclaimer lang="en">Contains others various work, compiled into one build by me.</disclaimer>
		<forum></forum>
		<source></source>
		<website></website>
		<platform>all</platform>
	</extension>
</addon>
